index,x,y
0,0.48500006221234804,-2.7249999132007368
1,0.48500006221234804,-2.774999913945795
2,0.48500006221234804,-2.824999914690853
3,0.48500006221234804,-2.874999915435911
4,0.48500006221234804,-2.924999916180969
5,0.48500006221234804,-2.974999916926027
6,0.48500006221234804,-3.024999917671085
7,0.48500006221234804,-3.074999918416143
8,0.48500006221234804,-3.1249999191612012
9,0.48500006221234804,-3.1749999199062593
10,0.48500006221234804,-3.2249999206513174
11,0.48500006221234804,-3.2749999213963754
12,0.48500006221234804,-3.3249999221414335
13,0.48500006221234804,-3.3749999228864915
14,0.48500006221234804,-3.4249999236315496
15,0.48500006221234804,-3.4749999243766077
16,0.48500006221234804,-3.5249999251216657
17,0.48500006221234804,-3.5749999258667238
18,0.48500006221234804,-3.624999926611782
19,0.48500006221234804,-3.67499992735684
20,0.48500006221234804,-3.724999928101898
21,0.48500006221234804,-3.774999928846956
22,0.48500006221234804,-3.824999929592014
23,0.48500006221234804,-3.874999930337072
24,0.48500006221234804,-3.92499993108213
25,0.48500006221234804,-3.9749999318271882
26,0.48500006221234804,-4.024999932572246
27,0.48500006221234804,-4.074999933317304
28,0.48500006221234804,-4.124999934062362
29,0.48500006221234804,-4.1749999348074205
30,0.48500006221234804,-4.2249999355524785
31,0.48500006221234804,-4.274999936297537
32,0.48500006221234804,-4.324999937042595
33,0.48500006221234804,-4.374999937787653
34,0.48500006221234804,-4.424999938532711
35,0.48500006221234804,-4.474999939277769
36,0.48500006221234804,-4.524999940022827
37,0.48500006221234804,-4.574999940767885
38,0.48500006221234804,-4.624999941512943
39,0.48500006221234804,-4.674999942258001
40,0.48500006221234804,-4.724999943003059
41,0.48500006221234804,-4.774999943748117
42,0.48500006221234804,-4.824999944493175
43,0.48500006221234804,-4.874999945238233
44,0.43500006146729,-4.924999945983291
45,0.3850000607222319,-4.974999946728349
46,0.33500005997717386,-5.0249999474734075
47,0.2850000592321158,-5.074999948218466
48,0.23500005848705774,-5.124999948963524
49,0.18500005774199968,-5.174999949708582
50,0.13500005699694162,-5.22499995045364
51,0.08500005625188356,-5.274999951198698
52,0.0350000555068255,-5.324999951943756
53,-0.01499994523823256,-5.374999952688814
54,-0.06499994598329062,-5.424999953433872
55,-0.11499994672834868,-5.47499995417893
56,-0.16499994747340674,-5.524999954923988
57,-0.2149999482184648,-5.574999955669046
58,-0.26499994896352286,-5.624999956414104
59,-0.3149999497085809,-5.674999957159162
60,-0.364999950453639,-5.72499995790422
61,-0.41499995119869704,-5.774999958649278
62,-0.4649999519437551,-5.8249999593943365
63,-0.5149999526888132,-5.8749999601393945
64,-0.5649999534338712,-5.924999960884453
65,-0.6149999541789293,-5.974999961629511
66,-0.6649999549239873,-6.024999962374569
67,-0.7149999556690454,-6.074999963119627
68,-0.7649999564141035,-6.124999963864685
69,-0.8149999571591615,-6.174999964609743
70,-0.8649999579042196,-6.224999965354801
71,-0.9149999586492776,-6.274999966099859
72,-0.9649999593943357,-6.324999966844917
73,-1.0149999601393938,-6.374999967589975
74,-1.0649999608844518,-6.424999968335033
75,-1.1149999616295099,-6.424999968335033
76,-1.164999962374568,-6.424999968335033
77,-1.214999963119626,-6.474999969080091
78,-1.264999963864684,-6.474999969080091
79,-1.3149999646097421,-6.524999969825149
80,-1.3649999653548002,-6.524999969825149
81,-1.4149999660998582,-6.574999970570207
82,-1.4649999668449163,-6.574999970570207
83,-1.5149999675899744,-6.574999970570207
84,-1.5649999683350324,-6.574999970570207
85,-1.6149999690800905,-6.574999970570207
86,-1.6649999698251485,-6.574999970570207
87,-1.7149999705702066,-6.574999970570207
88,-1.7649999713152646,-6.574999970570207
89,-1.8149999720603227,-6.574999970570207
90,-1.8649999728053808,-6.574999970570207
91,-1.9149999735504388,-6.574999970570207
92,-1.9649999742954969,-6.524999969825149
93,-2.014999975040555,-6.474999969080091
94,-2.064999975785613,-6.424999968335033
95,-2.114999976530671,-6.374999967589975
96,-2.164999977275729,-6.324999966844917
97,-2.214999978020787,-6.274999966099859
98,-2.2649999787658452,-6.224999965354801
99,-2.2649999787658452,-6.174999964609743
100,-2.3149999795109033,-6.124999963864685
101,-2.3649999802559614,-6.074999963119627
102,-2.3649999802559614,-6.024999962374569
103,-2.4149999810010194,-5.974999961629511
104,-2.4149999810010194,-5.924999960884453
105,-2.4649999817460775,-5.8749999601393945
106,-2.4649999817460775,-5.8249999593943365
107,-2.4649999817460775,-5.774999958649278
108,-2.4649999817460775,-5.72499995790422
109,-2.4649999817460775,-5.674999957159162
110,-2.4649999817460775,-5.624999956414104
111,-2.4649999817460775,-5.574999955669046
112,-2.4649999817460775,-5.524999954923988
113,-2.4649999817460775,-5.47499995417893
114,-2.4649999817460775,-5.424999953433872
115,-2.4649999817460775,-5.374999952688814
116,-2.4649999817460775,-5.324999951943756
117,-2.4649999817460775,-5.274999951198698
118,-2.4649999817460775,-5.22499995045364
119,-2.4649999817460775,-5.174999949708582
120,-2.4649999817460775,-5.124999948963524
121,-2.4649999817460775,-5.074999948218466
122,-2.4649999817460775,-5.0249999474734075
123,-2.4649999817460775,-4.974999946728349
124,-2.4649999817460775,-4.924999945983291
125,-2.4649999817460775,-4.874999945238233
126,-2.4649999817460775,-4.824999944493175
127,-2.4649999817460775,-4.774999943748117
128,-2.4649999817460775,-4.724999943003059
129,-2.4649999817460775,-4.674999942258001
130,-2.4649999817460775,-4.624999941512943
131,-2.4649999817460775,-4.574999940767885
132,-2.4649999817460775,-4.524999940022827
133,-2.4649999817460775,-4.474999939277769
134,-2.4649999817460775,-4.424999938532711
135,-2.4649999817460775,-4.374999937787653
136,-2.4649999817460775,-4.324999937042595
137,-2.4649999817460775,-4.274999936297537
138,-2.4649999817460775,-4.2249999355524785
139,-2.4649999817460775,-4.1749999348074205
140,-2.4649999817460775,-4.124999934062362
141,-2.4649999817460775,-4.074999933317304
142,-2.4649999817460775,-4.024999932572246
143,-2.4649999817460775,-3.9749999318271882
144,-2.4649999817460775,-3.92499993108213
145,-2.4649999817460775,-3.874999930337072
146,-2.4649999817460775,-3.824999929592014
147,-2.4649999817460775,-3.774999928846956
148,-2.4649999817460775,-3.724999928101898
149,-2.4649999817460775,-3.67499992735684
150,-2.4649999817460775,-3.624999926611782
151,-2.4649999817460775,-3.5749999258667238
152,-2.4649999817460775,-3.5249999251216657
153,-2.4649999817460775,-3.4749999243766077
154,-2.4149999810010194,-3.4249999236315496
155,-2.3649999802559614,-3.3749999228864915
156,-2.3649999802559614,-3.3249999221414335
157,-2.3149999795109033,-3.2749999213963754
158,-2.3149999795109033,-3.2249999206513174
159,-2.2649999787658452,-3.1749999199062593
160,-2.214999978020787,-3.1249999191612012
161,-2.214999978020787,-3.074999918416143
162,-2.164999977275729,-3.024999917671085
163,-2.164999977275729,-2.974999916926027
164,-2.114999976530671,-2.924999916180969
165,-2.114999976530671,-2.874999915435911
166,-2.064999975785613,-2.824999914690853
167,-2.014999975040555,-2.774999913945795
168,-2.014999975040555,-2.7249999132007368
169,-1.9649999742954969,-2.6749999124556787
170,-1.9649999742954969,-2.6249999117106206
171,-1.9149999735504388,-2.5749999109655626
172,-1.9149999735504388,-2.5249999102205045
173,-1.8649999728053808,-2.4749999094754465
174,-1.8649999728053808,-2.4249999087303884
175,-1.8149999720603227,-2.3749999079853303
176,-1.7649999713152646,-2.3249999072402723
177,-1.7649999713152646,-2.274999906495214
178,-1.7149999705702066,-2.224999905750156
179,-1.7149999705702066,-2.174999905005098
180,-1.6649999698251485,-2.12499990426004
181,-1.6649999698251485,-2.074999903514982
182,-1.6149999690800905,-2.024999902769924
183,-1.6149999690800905,-1.9749999020248659
184,-1.5649999683350324,-1.9249999012798078
185,-1.5649999683350324,-1.8749999005347497
186,-1.5649999683350324,-1.8249998997896917
187,-1.5649999683350324,-1.7749998990446336
188,-1.5649999683350324,-1.7249998982995756
189,-1.5649999683350324,-1.6749998975545175
190,-1.5649999683350324,-1.6249998968094594
191,-1.5649999683350324,-1.5749998960644014
192,-1.5649999683350324,-1.5249998953193433
193,-1.5649999683350324,-1.4749998945742853
194,-1.5649999683350324,-1.4249998938292272
195,-1.5649999683350324,-1.3749998930841691
196,-1.5649999683350324,-1.324999892339111
197,-1.5649999683350324,-1.274999891594053
198,-1.5649999683350324,-1.224999890848995
199,-1.5649999683350324,-1.174999890103937
200,-1.5649999683350324,-1.1249998893588788
201,-1.5649999683350324,-1.0749998886138208
202,-1.5649999683350324,-1.0249998878687627
203,-1.5649999683350324,-0.9749998871237047
204,-1.5649999683350324,-0.9249998863786466
205,-1.5649999683350324,-0.8749998856335885
206,-1.5649999683350324,-0.8249998848885305
207,-1.5649999683350324,-0.7749998841434724
208,-1.5649999683350324,-0.7249998833984144
209,-1.5649999683350324,-0.6749998826533563
210,-1.5649999683350324,-0.6249998819082982
211,-1.5649999683350324,-0.5749998811632402
212,-1.5649999683350324,-0.5249998804181821
213,-1.5649999683350324,-0.47499987967312407
214,-1.5649999683350324,-0.424999878928066
215,-1.5649999683350324,-0.37499987818300795
216,-1.5649999683350324,-0.3249998774379499
217,-1.5649999683350324,-0.27499987669289183
218,-1.5649999683350324,-0.22499987594783377
219,-1.5649999683350324,-0.1749998752027757
220,-1.5649999683350324,-0.12499987445771765
221,-1.5649999683350324,-0.07499987371265959
222,-1.5649999683350324,-0.024999872967601533
223,-1.5649999683350324,0.025000127777456527
224,-1.5649999683350324,0.07500012852251459
225,-1.5649999683350324,0.12500012926757265
226,-1.5649999683350324,0.1750001300126307
227,-1.5649999683350324,0.22500013075768877
228,-1.5649999683350324,0.2750001315027468
229,-1.5649999683350324,0.3250001322478049
230,-1.5649999683350324,0.37500013299286294
231,-1.5649999683350324,0.425000133737921
232,-1.5649999683350324,0.47500013448297906
233,-1.5649999683350324,0.5250001352280371
234,-1.5649999683350324,0.5750001359730952
235,-1.5649999683350324,0.6250001367181532
236,-1.5649999683350324,0.6750001374632113
237,-1.5649999683350324,0.7250001382082694
238,-1.5649999683350324,0.7750001389533274
239,-1.5649999683350324,0.8250001396983855
240,-1.5649999683350324,0.8750001404434435
241,-1.6149999690800905,0.9250001411885016
242,-1.6149999690800905,0.9750001419335597
243,-1.6649999698251485,1.0250001426786177
244,-1.6649999698251485,1.0750001434236758
245,-1.7149999705702066,1.1250001441687338
246,-1.7149999705702066,1.175000144913792
247,-1.7649999713152646,1.22500014565885
248,-1.7649999713152646,1.275000146403908
249,-1.8149999720603227,1.325000147148966
250,-1.8149999720603227,1.3750001478940241
251,-1.8149999720603227,1.4250001486390822
252,-1.8649999728053808,1.4750001493841403
253,-1.8649999728053808,1.5250001501291983
254,-1.9149999735504388,1.5750001508742564
255,-1.9149999735504388,1.6250001516193144
256,-1.9149999735504388,1.6750001523643725
257,-1.9649999742954969,1.7250001531094306
258,-1.9649999742954969,1.7750001538544886
259,-1.9649999742954969,1.8250001545995467
260,-1.9649999742954969,1.8750001553446047
261,-1.9649999742954969,1.9250001560896628
262,-2.014999975040555,1.9750001568347209
263,-2.014999975040555,2.025000157579779
264,-2.014999975040555,2.075000158324837
265,-2.014999975040555,2.125000159069895
266,-2.014999975040555,2.175000159814953
267,-2.014999975040555,2.225000160560011
268,-2.064999975785613,2.275000161305069
269,-2.064999975785613,2.3250001620501273
270,-2.064999975785613,2.3750001627951853
271,-2.064999975785613,2.4250001635402434
272,-2.064999975785613,2.4750001642853015
273,-2.064999975785613,2.5250001650303595
274,-2.114999976530671,2.5750001657754176
275,-2.114999976530671,2.6250001665204756
276,-2.114999976530671,2.6750001672655337
277,-2.114999976530671,2.7250001680105918
278,-2.114999976530671,2.77500016875565
279,-2.114999976530671,2.825000169500708
280,-2.114999976530671,2.875000170245766
281,-2.164999977275729,2.925000170990824
282,-2.164999977275729,2.975000171735882
283,-2.164999977275729,3.02500017248094
284,-2.164999977275729,3.075000173225998
285,-2.164999977275729,3.1250001739710562
286,-2.164999977275729,3.1750001747161143
287,-2.164999977275729,3.2250001754611723
288,-2.164999977275729,3.2750001762062304
289,-2.164999977275729,3.3250001769512885
290,-2.164999977275729,3.3750001776963465
291,-2.214999978020787,3.4250001784414046
292,-2.214999978020787,3.4750001791864626
293,-2.214999978020787,3.5250001799315207
294,-2.214999978020787,3.5750001806765788
295,-2.214999978020787,3.625000181421637
296,-2.214999978020787,3.675000182166695
297,-2.214999978020787,3.725000182911753
298,-2.214999978020787,3.775000183656811
299,-2.214999978020787,3.825000184401869
300,-2.214999978020787,3.875000185146927
301,-2.214999978020787,3.925000185891985
302,-2.214999978020787,3.9750001866370432
303,-2.214999978020787,4.025000187382101
304,-2.214999978020787,4.075000188127159
305,-2.214999978020787,4.125000188872217
306,-2.164999977275729,4.1750001896172755
307,-2.114999976530671,4.2250001903623335
308,-2.064999975785613,4.275000191107392
309,-2.014999975040555,4.32500019185245
310,-1.9649999742954969,4.375000192597508
311,-1.9149999735504388,4.425000193342566
312,-1.8649999728053808,4.475000194087624
313,-1.8149999720603227,4.525000194832682
314,-1.7649999713152646,4.57500019557774
315,-1.7149999705702066,4.625000196322798
316,-1.6649999698251485,4.675000197067856
317,-1.6149999690800905,4.725000197812914
318,-1.5649999683350324,4.725000197812914
319,-1.5149999675899744,4.775000198557972
320,-1.4649999668449163,4.775000198557972
321,-1.4149999660998582,4.82500019930303
322,-1.3649999653548002,4.82500019930303
323,-1.3149999646097421,4.875000200048088
324,-1.264999963864684,4.875000200048088
325,-1.214999963119626,4.875000200048088
326,-1.164999962374568,4.875000200048088
327,-1.1149999616295099,4.875000200048088
328,-1.0649999608844518,4.875000200048088
329,-1.0149999601393938,4.875000200048088
330,-0.9649999593943357,4.875000200048088
331,-0.9149999586492776,4.875000200048088
332,-0.8649999579042196,4.875000200048088
333,-0.8149999571591615,4.875000200048088
334,-0.7649999564141035,4.875000200048088
335,-0.7149999556690454,4.875000200048088
336,-0.6649999549239873,4.875000200048088
337,-0.6149999541789293,4.875000200048088
338,-0.5649999534338712,4.875000200048088
339,-0.5149999526888132,4.875000200048088
340,-0.4649999519437551,4.875000200048088
341,-0.41499995119869704,4.82500019930303
342,-0.364999950453639,4.775000198557972
343,-0.3149999497085809,4.725000197812914
344,-0.26499994896352286,4.675000197067856
345,-0.2149999482184648,4.625000196322798
346,-0.16499994747340674,4.57500019557774
347,-0.11499994672834868,4.525000194832682
348,-0.06499994598329062,4.475000194087624
349,-0.01499994523823256,4.425000193342566
350,0.0350000555068255,4.375000192597508
351,0.08500005625188356,4.32500019185245
352,0.13500005699694162,4.275000191107392
353,0.18500005774199968,4.2250001903623335
354,0.23500005848705774,4.1750001896172755
355,0.23500005848705774,4.125000188872217
356,0.23500005848705774,4.075000188127159
357,0.2850000592321158,4.025000187382101
358,0.2850000592321158,3.9750001866370432
359,0.2850000592321158,3.925000185891985
360,0.33500005997717386,3.875000185146927
361,0.33500005997717386,3.825000184401869
362,0.33500005997717386,3.775000183656811
363,0.33500005997717386,3.725000182911753
364,0.33500005997717386,3.675000182166695
365,0.33500005997717386,3.625000181421637
366,0.3850000607222319,3.5750001806765788
367,0.43500006146729,3.5250001799315207
368,0.43500006146729,3.4750001791864626
369,0.43500006146729,3.4250001784414046
370,0.43500006146729,3.3750001776963465
371,0.43500006146729,3.3250001769512885
372,0.43500006146729,3.2750001762062304
373,0.43500006146729,3.2250001754611723
374,0.43500006146729,3.1750001747161143
375,0.43500006146729,3.1250001739710562
376,0.43500006146729,3.075000173225998
377,0.43500006146729,3.02500017248094
378,0.43500006146729,2.975000171735882
379,0.43500006146729,2.925000170990824
380,0.43500006146729,2.875000170245766
381,0.43500006146729,2.825000169500708
382,0.43500006146729,2.77500016875565
383,0.43500006146729,2.7250001680105918
384,0.43500006146729,2.6750001672655337
385,0.43500006146729,2.6250001665204756
386,0.43500006146729,2.5750001657754176
387,0.43500006146729,2.5250001650303595
388,0.43500006146729,2.4750001642853015
389,0.43500006146729,2.4250001635402434
390,0.43500006146729,2.3750001627951853
391,0.43500006146729,2.3250001620501273
392,0.43500006146729,2.275000161305069
393,0.43500006146729,2.225000160560011
394,0.43500006146729,2.175000159814953
395,0.43500006146729,2.125000159069895
396,0.43500006146729,2.075000158324837
397,0.43500006146729,2.025000157579779
398,0.43500006146729,1.9750001568347209
399,0.43500006146729,1.9250001560896628
400,0.43500006146729,1.8750001553446047
401,0.43500006146729,1.8250001545995467
402,0.43500006146729,1.7750001538544886
403,0.43500006146729,1.7250001531094306
404,0.43500006146729,1.6750001523643725
405,0.43500006146729,1.6250001516193144
406,0.43500006146729,1.5750001508742564
407,0.43500006146729,1.5250001501291983
408,0.43500006146729,1.4750001493841403
409,0.43500006146729,1.4250001486390822
410,0.43500006146729,1.3750001478940241
411,0.43500006146729,1.325000147148966
412,0.43500006146729,1.275000146403908
413,0.43500006146729,1.22500014565885
414,0.43500006146729,1.175000144913792
415,0.43500006146729,1.1250001441687338
416,0.43500006146729,1.0750001434236758
417,0.43500006146729,1.0250001426786177
418,0.43500006146729,0.9750001419335597
419,0.43500006146729,0.9250001411885016
420,0.43500006146729,0.8750001404434435
421,0.43500006146729,0.8250001396983855
422,0.43500006146729,0.7750001389533274
423,0.43500006146729,0.7250001382082694
424,0.43500006146729,0.6750001374632113
425,0.43500006146729,0.6250001367181532
426,0.43500006146729,0.5750001359730952
427,0.43500006146729,0.5250001352280371
428,0.43500006146729,0.47500013448297906
429,0.43500006146729,0.425000133737921
430,0.43500006146729,0.37500013299286294
431,0.43500006146729,0.3250001322478049
432,0.43500006146729,0.2750001315027468
433,0.43500006146729,0.22500013075768877
434,0.43500006146729,0.1750001300126307
435,0.43500006146729,0.12500012926757265
436,0.43500006146729,0.07500012852251459
437,0.43500006146729,0.025000127777456527
438,0.43500006146729,-0.024999872967601533
439,0.43500006146729,-0.07499987371265959
440,0.43500006146729,-0.12499987445771765
441,0.43500006146729,-0.1749998752027757
442,0.43500006146729,-0.22499987594783377
443,0.43500006146729,-0.27499987669289183
444,0.43500006146729,-0.3249998774379499
445,0.43500006146729,-0.37499987818300795
446,0.43500006146729,-0.424999878928066
447,0.43500006146729,-0.47499987967312407
448,0.43500006146729,-0.5249998804181821
449,0.43500006146729,-0.5749998811632402
450,0.43500006146729,-0.6249998819082982
451,0.43500006146729,-0.6749998826533563
452,0.43500006146729,-0.7249998833984144
453,0.43500006146729,-0.7749998841434724
454,0.43500006146729,-0.8249998848885305
455,0.43500006146729,-0.8749998856335885
456,0.43500006146729,-0.9249998863786466
457,0.43500006146729,-0.9749998871237047
458,0.43500006146729,-1.0249998878687627
459,0.43500006146729,-1.0749998886138208
460,0.43500006146729,-1.1249998893588788
461,0.43500006146729,-1.174999890103937
462,0.43500006146729,-1.224999890848995
463,0.48500006221234804,-1.274999891594053
464,0.5350000629574061,-1.324999892339111
465,0.5850000637024642,-1.3749998930841691
466,0.6350000644475222,-1.4249998938292272
