index,x,y,yaw_rad
0,0.7850000666826964,3.5250001799315207,-1.5710925704447454
1,0.7849633312953848,3.4009962181394537,-1.5716950967015553
2,0.7848524375092153,3.277612295860388,-1.57231207511609
3,0.7846663538878361,3.1548455566407547,-1.5729436809416855
4,0.7844040489948956,3.032693144026985,-1.573590090859478
5,0.7840644913940419,2.91115220156551,-1.5742514829689833
6,0.7836466496489232,2.790219872802761,-1.5749280367777085
7,0.7831494923231878,2.6698933012851707,-1.5756199331897685
8,0.7825719879804838,2.5501696305591692,-1.5763273544934517
9,0.7819131051844596,2.4310460041711885,-1.5770504843477262
10,0.7811718124987632,2.3125195656676594,-1.577789507767613
11,0.7803470784870431,2.1945874585950143,-1.5785446111084296
12,0.7794378717129473,2.0772468264996835,-1.5793159820488265
13,0.7784431607401241,1.9604948129280988,-1.5801038095726
14,0.7773619141322217,1.8443285614266918,-1.580908283949234
15,0.7761931004528883,1.7287452155418939,-1.5817295967131262
16,0.7749356882657721,1.613741918820136,-1.582567940641458
17,0.7735886461345214,1.4993158148078498,-1.5834235097306641
18,0.7721509426227844,1.385464047051467,-1.5842964991714608
19,0.7706215462942093,1.2721837590974185,-1.5851871053223778
20,0.7689994257124444,1.159472094492136,-1.586095525681763
21,0.7672835494411377,1.0473261967820502,-1.587021958858192
22,0.7654728860439377,0.935743209513594,-1.5879666045392613
23,0.7635664040844924,0.8247202762331973,-1.5889296634586874
24,0.7615630721264501,0.7142545404872918,-1.5899113373616887
25,0.7594618587334592,0.6043431458223099,-1.590911828968581
26,0.7572617324691675,0.4949832357846818,-1.591931341936539
27,0.7549616618972236,0.38617195392083914,-1.5929700808194927
28,0.7525606155812755,0.27790644377721374,-1.594028251026066
29,0.7500575620849718,0.17018384890023652,-1.5951060587755561
30,0.7474514699719601,0.06300131283633918,-1.5962037110518328
31,0.7447413078058891,-0.04364402086804742,-1.5973214155551954
32,0.7419260441504067,-0.14975500866649064,-1.5984593806520242
33,0.7390046475691616,-0.25533450701256033,-1.5996178153222824
34,0.7359760866258015,-0.36038537235982465,-1.6007969291047013
35,0.7328393298839749,-0.46491046116185236,-1.6019969320397067
36,0.7295933459073299,-0.5689126298722119,-1.6032180346099238
37,0.726237103259515,-0.6723947349444719,-1.6044604476782958
38,0.7227695705041779,-0.775359632832201,-1.605724382423676
39,0.7191897162049673,-0.8778101799889678,-1.6070100502739268
40,0.7154965089255311,-0.9797492328683411,-1.6083176628363691
41,0.7116889172295178,-1.0811796479238893,-1.6096474318256286
42,0.7077659096805754,-1.1821042816091818,-1.610999568988732
43,0.7037264548423522,-1.2825259903777846,-1.612374286027456
44,0.6995695212784964,-1.3824476306832691,-1.613771794517858
45,0.6952940775526563,-1.4818720589792032,-1.6151923058269233
46,0.69089909222848,-1.5808021317191552,-1.616636031026282
47,0.6863835338696158,-1.6792407053566938,-1.6181031808029456
48,0.6817463710397119,-1.7771906363453884,-1.6195939653670122
49,0.6769865723024165,-1.8746547811388057,-1.6211085943562722
50,0.6721031062213779,-1.971635996190515,-1.6226472767376905
51,0.6670949413602443,-2.068137137954086,-1.6242102207056954
52,0.6619610462826638,-2.1641610628830867,-1.625797633577237
53,0.6567003895522847,-2.259710627431086,-1.6274097216835608
54,0.6513119397327553,-2.354788688051652,-1.6290466902586778
55,0.6457946653877236,-2.449398101198354,-1.630708743324445
56,0.6401475350808381,-2.5435417233247586,-1.6323960835722728
57,0.6343695173757469,-2.6372224108844367,-1.6341089122413703
58,0.6284595808360981,-2.730443020330956,-1.635847428993532
59,0.62241669402554,-2.823206408117886,-1.6376118317844177
60,0.616239825507721,-2.9155154306987936,-1.639402316731308
61,0.6099279438462892,-3.0073729445272495,-1.6412190779772964
62,0.6034800176048927,-3.0987818060568206,-1.643062307551907
63,0.5968950153471797,-3.189744871741075,-1.6449321952281337
64,0.5901719056367988,-3.280264998033583,-1.6468289283758801
65,0.5833096570373976,-3.3703450413879117,-1.6487526918117381
66,0.576307238112625,-3.459987858257633,-1.650703667645257
67,0.5691636174261288,-3.5491963050963107,-1.6526820351214722
68,0.5618777635415572,-3.6379732383575174,-1.6546879704599426
69,0.5544486450225585,-3.726321514494821,-1.6567216466901376
70,0.5468752304327811,-3.814243989961787,-1.6587832334832597
71,0.539156488335873,-3.9017435212119884,-1.660872896980558
72,0.5312913872954825,-3.988822964698989,-1.662990799618064
73,0.5232788958752579,-4.075485176876361,-1.6651370999479342
74,0.5151179826388471,-4.161733014197673,-1.667311952456291
75,0.5068076161498989,-4.247569333116493,-1.6695155073777566
76,0.49834676497206093,-4.3329969900863885,-1.671747910506606
77,0.48973439766898175,-4.418018841560929,-1.6740093030047591
78,0.48096948280430946,-4.502637743993683,-1.6762998212065365
79,0.47205098894169234,-4.586856553838218,-1.6786195964203978
80,0.46297788464477857,-4.670678127548106,-1.6809687547276773
81,0.4537491384772163,-4.754105321576913,-1.6833474167784395
82,0.444363719002654,-4.837140992378206,-1.6857556975846093
83,0.4348205947847396,-4.9197879964055575,-1.6881937063104613
84,0.4251187343871213,-5.002049190112535,-1.690661546060606
85,0.4152571063734477,-5.083927429952702,-1.6931593136656493
86,0.4052346793073667,-5.165425572379634,-1.6956870994656836
87,0.3950504217525266,-5.246546473846896,-1.6982908439753586
88,0.3846992610632923,-5.3272951563562785,-1.7573221972072737
89,0.36902562375972214,-5.410347670086328,-1.8519846931466406
90,0.34384576760608904,-5.497523042251579,-1.930919248237614
91,0.3097829227589801,-5.587985027227841,-1.998223785135103
92,0.267460319374983,-5.680897379390925,-2.056998760161081
93,0.2175011876106831,-5.775423853116647,-2.1095926655516255
94,0.16052875762266916,-5.870728202780813,-2.157818319416157
95,0.09716625956752607,-5.965974182759242,-2.20312002289094
96,0.028036923601841686,-6.060325547427745,-2.246698423832996
97,-0.04623602011779576,-6.152946051162127,-2.2896049348164977
98,-0.12502934143480188,-6.242999448338209,-2.332816417374698
99,-0.20771981019258715,-6.329649493331797,-2.37729866084758
100,-0.2936841962345673,-6.4120599405187075,-2.4240653250564566
101,-0.38229926940415276,-6.48939454427475,-2.4742375928202565
102,-0.4729417995447594,-6.560817058975736,-2.5291083712560236
103,-0.5649885564997991,-6.625491238997483,-2.590212536532807
104,-0.6578163101126828,-6.682580838715795,-2.659399477071605
105,-0.7508018302268274,-6.73124961250649,-2.7388921516764357
106,-0.8433218866856423,-6.770661314745377,-2.831291087227781
107,-0.9347532493325442,-6.79997969980827,-2.939433234156589
108,-1.0244726880109427,-6.818368522070981,-3.065945463060824
109,-1.1118569725642544,-6.824991535909322,-3.1415003230346996
110,-1.203250186252175,-6.824999974295498,3.141592653589793
111,-1.304027080159674,-6.824999974295498,3.141592653589793
112,-1.4104046416213813,-6.824999974295498,3.141592653589793
113,-1.5185891152985347,-6.824999974295498,3.141592653589793
114,-1.624786745852379,-6.824999974295498,3.141592653589793
115,-1.7252037779441511,-6.824999974295498,3.1415764168203157
116,-1.816047967553984,-6.824998499279332,3.0328378245647913
117,-1.9040258676323412,-6.815392576189443,2.857501377245568
118,-1.996596005509523,-6.788363101092398,2.721915100288236
119,-2.0918213645722776,-6.745874893254105,2.613401233548247
120,-2.1877649282073466,-6.689892771940469,2.5223877591339825
121,-2.2824896798014773,-6.6223815564173965,2.4419246221664888
122,-2.374058602741413,-6.545306065950794,2.366717740375488
123,-2.460534680413897,-6.46063111980657,2.292287549594184
124,-2.5399808962056776,-6.370321537250628,2.2142619376486197
125,-2.6104602335034968,-6.276342137548876,2.127685533029624
126,-2.6700356756941006,-6.180657739967218,2.0262132733460563
127,-2.7167702061642327,-6.085233163771564,1.9011161336242506
128,-2.74872680830064,-5.992033228227817,1.7403859862598565
129,-2.763968465490065,-5.903022752601885,1.5827527397982013
130,-2.764999986216426,-5.8167534365748805,1.5707963267948966
131,-2.764999986216426,-5.724043674533872,1.5707963267948966
132,-2.764999986216426,-5.62556564593188,1.5707963267948966
133,-2.764999986216426,-5.522802297718383,1.5707963267948966
134,-2.764999986216426,-5.417236576842872,1.5707963267948966
135,-2.764999986216426,-5.310351430254829,1.5707963267948966
136,-2.764999986216426,-5.203629804903738,1.5707963267948966
137,-2.764999986216426,-5.098554647739087,1.5707963267948966
138,-2.764999986216426,-4.996608905710359,1.5707963267948966
139,-2.764999986216426,-4.899275525767043,1.5374593253192832
140,-2.761913204599518,-4.806716570506713,1.4226008499416776
141,-2.748406876641897,-4.716246143866538,1.3125755396727188
142,-2.7249785767740087,-4.627542002587019,1.2140732192857278
143,-2.69251289294103,-4.540424694332829,1.1282406799688394
144,-2.6518944130881397,-4.454714766768657,1.055125877742209
145,-2.6040077251605145,-4.370232767559177,0.9940966328296078
146,-2.549737417103334,-4.2867992443690754,0.9442023826056007
147,-2.4899680768617745,-4.2042347448630295,0.9044233229985282
148,-2.425584292381015,-4.122359816705722,0.8738163854469617
149,-2.357470651606234,-4.040995007561837,0.8515887890240001
150,-2.2865117424826074,-3.9599608650960505,0.8371283568779095
151,-2.213592152955316,-3.8790779369730477,0.8300113974098446
152,-2.139596470969535,-3.7981667708575073,0.830000888280705
153,-2.0654092844704444,-3.7170479144141115,0.8370418197895223
154,-1.9919151814032197,-3.6355419153075403,0.8512565878227429
155,-1.919998749713041,-3.553469321202475,0.8729404571505782
156,-1.8505445773450866,-3.4706506797635996,0.9025545083043225
157,-1.784437252244532,-3.386906538655591,0.9407104079148031
158,-1.7225613623565583,-3.3020574455431344,0.9881372772142069
159,-1.66580149562634,-3.2159239480909068,1.0456159054470102
160,-1.6150422399990585,-3.1283265939635934,1.1138610696346853
161,-1.571168183419888,-3.0390859308258698,1.1548493946643639
162,-1.5309880411593861,-2.94812299642409,1.1410604237650903
163,-1.4886045407997037,-2.8556434648282454,1.1405170376804783
164,-1.4455502447163335,-2.7618348964574415,1.153900069872407
165,-1.4035002797534761,-2.6668828975875276,1.1812753671037988
166,-1.3641297727553363,-2.5709730744943657,1.223315671258341
167,-1.3291138505661144,-2.474291033453807,1.2811739677210132
168,-1.3001276400300115,-2.377022380741701,1.3562582282478686
169,-1.2788462679912318,-2.2793527226339094,1.4498046713214399
170,-1.2669448612939758,-2.181467665406284,1.5509627807230089
171,-1.264999963864684,-2.0834195203890924,1.5707963267948966
172,-1.264999963864684,-1.984301775250106,1.5707963267948966
173,-1.264999963864684,-1.8840935682506723,1.5707963267948966
174,-1.264999963864684,-1.7830236740950642,1.5707963267948966
175,-1.264999963864684,-1.6813208674875566,1.5707963267948966
176,-1.264999963864684,-1.579213923132434,1.5707963267948966
177,-1.264999963864684,-1.4769316157339698,1.5707963267948966
178,-1.264999963864684,-1.374702719996442,1.5707963267948966
179,-1.264999963864684,-1.272756010624124,1.5707963267948966
180,-1.264999963864684,-1.1713202623213015,1.5707963267948966
181,-1.264999963864684,-1.0706242497922474,1.5707963267948966
182,-1.264999963864684,-0.9708967477412361,1.5707963267948966
183,-1.264999963864684,-0.8723665308725521,1.5799948000713897
184,-1.265894130529575,-0.7751611122316443,1.640232421307613
185,-1.2725939368810426,-0.6788274183788802,1.7049417632703567
186,-1.2854948913445823,-0.5832335794181054,1.7651670244387865
187,-1.3041778138197477,-0.4883270534077974,1.8205391787805496
188,-1.3282235242060936,-0.3940552984064236,1.87087183668701
189,-1.3572128424031755,-0.30036577247245116,1.9161257623423422
190,-1.3907265883105462,-0.20720593366435716,1.9563700938653368
191,-1.4283455818277604,-0.11452324004060907,1.9917459840010285
192,-1.4696506428543752,-0.022265149659674254,2.022435736211867
193,-1.514222591289941,0.06962087941997032,2.0486384445208023
194,-1.5616422470340146,0.16118738913985722,2.070551844848974
195,-1.61149042998615,0.25248692144151563,2.088359441129031
196,-1.6633479600459036,0.34357201826647876,2.1022217731161157
197,-1.7167956571128262,0.4344952215562688,2.1122707515474604
198,-1.7714143410864744,0.525309073252419,2.118606162406663
199,-1.8267848318664042,0.6160661152964616,2.121293653502872
200,-1.8824879493521665,0.7068188896299198,2.120363722987651
201,-1.9381045134433177,0.7976199381943262,2.115811416852035
202,-1.9932153440394123,0.8885218029312101,2.1075966117518328
203,-2.0474012610400063,0.9795770257821039,2.0956449188007022
204,-2.1002430843446502,1.070838148688531,2.0798494037863353
205,-2.151321633852901,1.1623577135920233,2.060073489067356
206,-2.200217729464315,1.2541882624341145,2.036155586789373
207,-2.246512191078443,1.346382337156327,2.007916206188061
208,-2.289785838594841,1.4389924797001934,1.9751684548208468
209,-2.329619491913064,1.532071232007243,1.9377329588935654
210,-2.365593970932667,1.6256711360190084,1.8954581618004616
211,-2.3972900955532026,1.7198447336770126,1.8482465726388624
212,-2.4242886856742256,1.8146445669227882,1.7960866447526698
213,-2.4461705611952933,1.9101231776978687,1.7390884190471092
214,-2.4625165420159556,2.0063331079437754,1.6966753075162266
215,-2.4748581074934717,2.1038578120478086,1.6909966274414425
216,-2.486906425597711,2.203609950117083,1.686466855202554
217,-2.4987205474435794,2.3052900000086702,1.6819746059368483
218,-2.5102500988347534,2.4085656415568284,1.677475339903977
219,-2.5214447055749156,2.5131045545958246,1.6729267247014636
220,-2.532253993467745,2.6185744189599274,1.6682871867237905
221,-2.54262758831692,2.7246429144833932,1.6635145852098716
222,-2.552515115926122,2.8309777210004903,1.6585649153171695
223,-2.5618662020990306,2.937246518345482,1.6533909545167413
224,-2.5706304726393254,3.0431169863526386,1.647940764475084
225,-2.578757553350686,3.148256804856214,1.6421559486084745
226,-2.586197070036793,3.2523336536904783,1.6359695420873979
227,-2.592898648501325,3.3550152126897,1.6293033726485429
228,-2.5988119145479627,3.4559691616881336,1.6220646707447626
229,-2.603886493980385,3.5548631805200483,1.614141615571737
230,-2.6080720126022734,3.6513649490197095,1.6053973614047339
231,-2.6113180962173064,3.745142147021383,1.595661866214332
232,-2.613574370629164,3.8358624543593276,1.5847204897461946
233,-2.614790461641526,3.92319355086781,1.5608717888219779
234,-2.613953989991613,4.007473966626333,1.4329715455109024
235,-2.6018448023640506,4.094776236912864,1.304344688833376
236,-2.577006377475831,4.185778905943971,1.1989338843884787
237,-2.540487396476249,4.2794155571377885,1.1109477715432525
238,-2.493336540514606,4.374619773912436,1.0356884684550076
239,-2.4366024907401997,4.470325139686049,0.9695107146973668
240,-2.371333928302328,4.5654652378767535,0.9095824163536739
241,-2.298579534350285,4.658973651902682,0.8536369997799367
242,-2.219387990033374,4.749783965181957,0.799764375491969
243,-2.1348079765008925,4.836829761132711,0.7462388730726505
244,-2.0458881749021334,4.919044623173075,0.6913693386791833
245,-1.9536772663864015,4.995362134721173,0.633354191315339
246,-1.859223932102992,5.064715879195135,0.5701244219098394
247,-1.7635768532012026,5.126039440013091,0.4991592500493959
248,-1.667784710830328,5.178266400593171,0.4172670273243077
249,-1.5728961861396735,5.220330344353499,0.320353157262723
250,-1.4799599602785332,5.251164854712209,0.20328606900299723
251,-1.3900247143962021,5.269703515087426,0.06151757942433143
252,-1.3040329107030217,5.275000206008553,0.0
253,-1.2153024574969666,5.275000206008553,0.0
254,-1.1201934088687346,5.275000206008553,0.0
255,-1.01987703705346,5.275000206008553,0.0
256,-0.9155246142862864,5.275000206008553,0.0
257,-0.8083074128023475,5.275000206008553,0.0
258,-0.6993967048367763,5.275000206008553,0.0
259,-0.5899637626247174,5.275000206008553,0.0
260,-0.48117985840130406,5.275000206008553,0.0
261,-0.3742162644016731,5.275000206008553,0.0
262,-0.27024425286095793,5.275000206008553,0.0
263,-0.17043509601430296,5.275000206008553,0.0
264,-0.07596006609684142,5.275000206008553,0.0
265,0.012009564656292993,5.275000206008553,-0.09284164685428281
266,0.09371876853380372,5.267392317473341,-0.400410830460785
267,0.17236858715943534,5.234101613286832,-0.6328272414346111
268,0.2481673378421496,5.178506723078731,-0.7880660933984754
269,0.3211323060559632,5.105151381594708,-0.8898124241571099
270,0.39128077727488547,5.018579323580442,-0.9553106953078361
271,0.45863003697293325,4.923334283781607,-0.9946047218280131
272,0.5231973706241229,4.82395999694387,-1.0125399330513793
273,0.5850000637024643,4.725000197812914,-1.0125399330513793
